forecast_day,price_model_type,train_days,use_vst,use_lars,lasso_cv_eps,lasso_cv_alphas,lasso_cv_tol,lasso_cv_max_iter,lars_max_iter,lars_max_n_alphas,runtime_seconds
2026-02-01 00:00:00+01:00,lightgbm,70,True,False,0.001,100,0.001,10000,1000,1000,39.503775416873395
2026-02-02 00:00:00+01:00,lightgbm,70,True,False,0.001,100,0.001,10000,1000,1000,40.21877787448466
2026-02-03 00:00:00+01:00,lightgbm,70,True,False,0.001,100,0.001,10000,1000,1000,40.158322583884
2026-02-04 00:00:00+01:00,lightgbm,70,True,False,0.001,100,0.001,10000,1000,1000,40.09083554055542
2026-02-05 00:00:00+01:00,lightgbm,70,True,False,0.001,100,0.001,10000,1000,1000,39.49141008220613
2026-02-06 00:00:00+01:00,lightgbm,70,True,False,0.001,100,0.001,10000,1000,1000,40.575956957414746
2026-02-07 00:00:00+01:00,lightgbm,70,True,False,0.001,100,0.001,10000,1000,1000,39.77539995778352
2026-02-08 00:00:00+01:00,lightgbm,70,True,False,0.001,100,0.001,10000,1000,1000,39.65955862496048
2026-02-09 00:00:00+01:00,lightgbm,70,True,False,0.001,100,0.001,10000,1000,1000,40.052645333111286
2026-02-10 00:00:00+01:00,lightgbm,70,True,False,0.001,100,0.001,10000,1000,1000,39.94166383240372
2026-02-11 00:00:00+01:00,lightgbm,70,True,False,0.001,100,0.001,10000,1000,1000,39.7824822505936
2026-02-12 00:00:00+01:00,lightgbm,70,True,False,0.001,100,0.001,10000,1000,1000,40.00546220783144
2026-02-13 00:00:00+01:00,lightgbm,70,True,False,0.001,100,0.001,10000,1000,1000,39.96379370894283
2026-02-14 00:00:00+01:00,lightgbm,70,True,False,0.001,100,0.001,10000,1000,1000,40.29384704027325
2026-02-15 00:00:00+01:00,lightgbm,70,True,False,0.001,100,0.001,10000,1000,1000,41.05878600012511
2026-02-16 00:00:00+01:00,lightgbm,70,True,False,0.001,100,0.001,10000,1000,1000,39.90389708336443
2026-02-17 00:00:00+01:00,lightgbm,70,True,False,0.001,100,0.001,10000,1000,1000,39.59209158271551
2026-02-18 00:00:00+01:00,lightgbm,70,True,False,0.001,100,0.001,10000,1000,1000,40.03533274959773
2026-02-19 00:00:00+01:00,lightgbm,70,True,False,0.001,100,0.001,10000,1000,1000,39.963174084201455
2026-02-20 00:00:00+01:00,lightgbm,70,True,False,0.001,100,0.001,10000,1000,1000,39.88967345841229
2026-02-21 00:00:00+01:00,lightgbm,70,True,False,0.001,100,0.001,10000,1000,1000,40.37564770784229
2026-02-22 00:00:00+01:00,lightgbm,70,True,False,0.001,100,0.001,10000,1000,1000,40.160724707879126
2026-02-23 00:00:00+01:00,lightgbm,70,True,False,0.001,100,0.001,10000,1000,1000,39.908360958099365
2026-02-24 00:00:00+01:00,lightgbm,70,True,False,0.001,100,0.001,10000,1000,1000,40.30861150007695
2026-02-25 00:00:00+01:00,lightgbm,70,True,False,0.001,100,0.001,10000,1000,1000,40.574158458039165
2026-02-26 00:00:00+01:00,lightgbm,70,True,False,0.001,100,0.001,10000,1000,1000,40.15221529174596
2026-02-27 00:00:00+01:00,lightgbm,70,True,False,0.001,100,0.001,10000,1000,1000,40.75393491610885
2026-02-28 00:00:00+01:00,lightgbm,70,True,False,0.001,100,0.001,10000,1000,1000,40.660889125429094
2026-03-01 00:00:00+01:00,lightgbm,70,True,False,0.001,100,0.001,10000,1000,1000,40.859899792820215
2026-03-02 00:00:00+01:00,lightgbm,70,True,False,0.001,100,0.001,10000,1000,1000,40.73097537457943
2026-03-03 00:00:00+01:00,lightgbm,70,True,False,0.001,100,0.001,10000,1000,1000,40.56486237514764
2026-03-04 00:00:00+01:00,lightgbm,70,True,False,0.001,100,0.001,10000,1000,1000,41.02465704176575
2026-03-05 00:00:00+01:00,lightgbm,70,True,False,0.001,100,0.001,10000,1000,1000,40.10554812476039
2026-03-06 00:00:00+01:00,lightgbm,70,True,False,0.001,100,0.001,10000,1000,1000,40.8899405002594
2026-03-07 00:00:00+01:00,lightgbm,70,True,False,0.001,100,0.001,10000,1000,1000,40.62728933338076
2026-03-08 00:00:00+01:00,lightgbm,70,True,False,0.001,100,0.001,10000,1000,1000,40.56266437564045
2026-03-09 00:00:00+01:00,lightgbm,70,True,False,0.001,100,0.001,10000,1000,1000,40.63159750029445
2026-03-10 00:00:00+01:00,lightgbm,70,True,False,0.001,100,0.001,10000,1000,1000,41.06908066570759
2026-03-11 00:00:00+01:00,lightgbm,70,True,False,0.001,100,0.001,10000,1000,1000,40.63484429102391
2026-03-12 00:00:00+01:00,lightgbm,70,True,False,0.001,100,0.001,10000,1000,1000,40.78087062481791
2026-03-13 00:00:00+01:00,lightgbm,70,True,False,0.001,100,0.001,10000,1000,1000,40.64033570792526
2026-03-14 00:00:00+01:00,lightgbm,70,True,False,0.001,100,0.001,10000,1000,1000,41.46156087517738
2026-03-15 00:00:00+01:00,lightgbm,70,True,False,0.001,100,0.001,10000,1000,1000,40.88254766725004
2026-03-16 00:00:00+01:00,lightgbm,70,True,False,0.001,100,0.001,10000,1000,1000,40.49567658267915
2026-03-17 00:00:00+01:00,lightgbm,70,True,False,0.001,100,0.001,10000,1000,1000,40.547812124714255
2026-03-18 00:00:00+01:00,lightgbm,70,True,False,0.001,100,0.001,10000,1000,1000,41.238452792167664
2026-03-19 00:00:00+01:00,lightgbm,70,True,False,0.001,100,0.001,10000,1000,1000,40.09218745864928
2026-03-20 00:00:00+01:00,lightgbm,70,True,False,0.001,100,0.001,10000,1000,1000,40.74113729223609
2026-03-21 00:00:00+01:00,lightgbm,70,True,False,0.001,100,0.001,10000,1000,1000,40.856367874890566
2026-03-22 00:00:00+01:00,lightgbm,70,True,False,0.001,100,0.001,10000,1000,1000,41.64589883387089
2026-03-23 00:00:00+01:00,lightgbm,70,True,False,0.001,100,0.001,10000,1000,1000,40.88855504151434
2026-03-24 00:00:00+01:00,lightgbm,70,True,False,0.001,100,0.001,10000,1000,1000,40.47509854193777
2026-03-25 00:00:00+01:00,lightgbm,70,True,False,0.001,100,0.001,10000,1000,1000,40.59390845801681
2026-03-26 00:00:00+01:00,lightgbm,70,True,False,0.001,100,0.001,10000,1000,1000,41.02661691699177
2026-03-27 00:00:00+01:00,lightgbm,70,True,False,0.001,100,0.001,10000,1000,1000,40.43487420771271
2026-03-28 00:00:00+01:00,lightgbm,70,True,False,0.001,100,0.001,10000,1000,1000,40.5810325415805
2026-03-29 00:00:00+01:00,lightgbm,70,True,False,0.001,100,0.001,10000,1000,1000,41.05083262454718
2026-03-30 00:00:00+02:00,lightgbm,70,True,False,0.001,100,0.001,10000,1000,1000,40.043836082331836
2026-03-31 00:00:00+02:00,lightgbm,70,True,False,0.001,100,0.001,10000,1000,1000,40.50735291745514
2026-04-01 00:00:00+02:00,lightgbm,70,True,False,0.001,100,0.001,10000,1000,1000,40.25620437506586
2026-04-02 00:00:00+02:00,lightgbm,70,True,False,0.001,100,0.001,10000,1000,1000,40.49439333472401
2026-04-03 00:00:00+02:00,lightgbm,70,True,False,0.001,100,0.001,10000,1000,1000,39.66025537531823
2026-04-04 00:00:00+02:00,lightgbm,70,True,False,0.001,100,0.001,10000,1000,1000,40.17644220776856
2026-04-05 00:00:00+02:00,lightgbm,70,True,False,0.001,100,0.001,10000,1000,1000,39.873910625465214
2026-04-06 00:00:00+02:00,lightgbm,70,True,False,0.001,100,0.001,10000,1000,1000,40.09445458371192
2026-04-07 00:00:00+02:00,lightgbm,70,True,False,0.001,100,0.001,10000,1000,1000,40.074990916997194
2026-04-08 00:00:00+02:00,lightgbm,70,True,False,0.001,100,0.001,10000,1000,1000,40.90603179205209
2026-04-09 00:00:00+02:00,lightgbm,70,True,False,0.001,100,0.001,10000,1000,1000,39.96293562464416
2026-04-10 00:00:00+02:00,lightgbm,70,True,False,0.001,100,0.001,10000,1000,1000,39.783386250026524
2026-04-11 00:00:00+02:00,lightgbm,70,True,False,0.001,100,0.001,10000,1000,1000,40.2446019994095
2026-04-12 00:00:00+02:00,lightgbm,70,True,False,0.001,100,0.001,10000,1000,1000,40.4269441254437
2026-04-13 00:00:00+02:00,lightgbm,70,True,False,0.001,100,0.001,10000,1000,1000,40.01101849973202
2026-04-14 00:00:00+02:00,lightgbm,70,True,False,0.001,100,0.001,10000,1000,1000,39.92580374982208
2026-04-15 00:00:00+02:00,lightgbm,70,True,False,0.001,100,0.001,10000,1000,1000,40.00490537472069
2026-04-16 00:00:00+02:00,lightgbm,70,True,False,0.001,100,0.001,10000,1000,1000,40.32143799960613
2026-04-17 00:00:00+02:00,lightgbm,70,True,False,0.001,100,0.001,10000,1000,1000,39.99870345834643
2026-04-18 00:00:00+02:00,lightgbm,70,True,False,0.001,100,0.001,10000,1000,1000,39.59784699976444
2026-04-19 00:00:00+02:00,lightgbm,70,True,False,0.001,100,0.001,10000,1000,1000,39.8996460409835
2026-04-20 00:00:00+02:00,lightgbm,70,True,False,0.001,100,0.001,10000,1000,1000,40.518220915459096
2026-04-21 00:00:00+02:00,lightgbm,70,True,False,0.001,100,0.001,10000,1000,1000,40.252633625641465
2026-04-22 00:00:00+02:00,lightgbm,70,True,False,0.001,100,0.001,10000,1000,1000,40.17393195908517
2026-04-23 00:00:00+02:00,lightgbm,70,True,False,0.001,100,0.001,10000,1000,1000,39.76552354171872
2026-04-24 00:00:00+02:00,lightgbm,70,True,False,0.001,100,0.001,10000,1000,1000,40.096852749586105
2026-04-25 00:00:00+02:00,lightgbm,70,True,False,0.001,100,0.001,10000,1000,1000,39.98388324957341
2026-04-26 00:00:00+02:00,lightgbm,70,True,False,0.001,100,0.001,10000,1000,1000,41.272932374849916
2026-04-27 00:00:00+02:00,lightgbm,70,True,False,0.001,100,0.001,10000,1000,1000,40.712199416942894
2026-04-28 00:00:00+02:00,lightgbm,70,True,False,0.001,100,0.001,10000,1000,1000,39.759069667197764
2026-04-29 00:00:00+02:00,lightgbm,70,True,False,0.001,100,0.001,10000,1000,1000,41.04299983382225
2026-04-30 00:00:00+02:00,lightgbm,70,True,False,0.001,100,0.001,10000,1000,1000,40.20156699977815
2026-05-01 00:00:00+02:00,lightgbm,70,True,False,0.001,100,0.001,10000,1000,1000,40.90954966656864
2026-05-02 00:00:00+02:00,lightgbm,70,True,False,0.001,100,0.001,10000,1000,1000,39.77203079126775
2026-05-03 00:00:00+02:00,lightgbm,70,True,False,0.001,100,0.001,10000,1000,1000,39.86603279132396
2026-05-04 00:00:00+02:00,lightgbm,70,True,False,0.001,100,0.001,10000,1000,1000,40.59638841729611
2026-05-05 00:00:00+02:00,lightgbm,70,True,False,0.001,100,0.001,10000,1000,1000,40.71902300044894
2026-05-06 00:00:00+02:00,lightgbm,70,True,False,0.001,100,0.001,10000,1000,1000,40.12749475054443
2026-05-07 00:00:00+02:00,lightgbm,70,True,False,0.001,100,0.001,10000,1000,1000,40.48124129045755
2026-05-08 00:00:00+02:00,lightgbm,70,True,False,0.001,100,0.001,10000,1000,1000,40.33580479212105
2026-05-09 00:00:00+02:00,lightgbm,70,True,False,0.001,100,0.001,10000,1000,1000,40.48841750063002
2026-05-10 00:00:00+02:00,lightgbm,70,True,False,0.001,100,0.001,10000,1000,1000,41.36662633344531
2026-05-11 00:00:00+02:00,lightgbm,70,True,False,0.001,100,0.001,10000,1000,1000,41.43689054250717
2026-05-12 00:00:00+02:00,lightgbm,70,True,False,0.001,100,0.001,10000,1000,1000,41.62301191687584
2026-05-13 00:00:00+02:00,lightgbm,70,True,False,0.001,100,0.001,10000,1000,1000,41.385785499587655
2026-05-14 00:00:00+02:00,lightgbm,70,True,False,0.001,100,0.001,10000,1000,1000,41.69403020851314
2026-05-15 00:00:00+02:00,lightgbm,70,True,False,0.001,100,0.001,10000,1000,1000,41.07462987489998
2026-05-16 00:00:00+02:00,lightgbm,70,True,False,0.001,100,0.001,10000,1000,1000,41.29257637541741
2026-05-17 00:00:00+02:00,lightgbm,70,True,False,0.001,100,0.001,10000,1000,1000,42.15955500025302
2026-05-18 00:00:00+02:00,lightgbm,70,True,False,0.001,100,0.001,10000,1000,1000,41.630963374860585
2026-05-19 00:00:00+02:00,lightgbm,70,True,False,0.001,100,0.001,10000,1000,1000,41.49297529179603
2026-05-20 00:00:00+02:00,lightgbm,70,True,False,0.001,100,0.001,10000,1000,1000,41.35642162524164
2026-05-21 00:00:00+02:00,lightgbm,70,True,False,0.001,100,0.001,10000,1000,1000,41.53335458319634
2026-05-22 00:00:00+02:00,lightgbm,70,True,False,0.001,100,0.001,10000,1000,1000,40.97808066662401
2026-05-23 00:00:00+02:00,lightgbm,70,True,False,0.001,100,0.001,10000,1000,1000,41.983286208473146
2026-05-24 00:00:00+02:00,lightgbm,70,True,False,0.001,100,0.001,10000,1000,1000,41.529318291693926
2026-05-25 00:00:00+02:00,lightgbm,70,True,False,0.001,100,0.001,10000,1000,1000,41.66479245852679
2026-05-26 00:00:00+02:00,lightgbm,70,True,False,0.001,100,0.001,10000,1000,1000,41.84046950004995
2026-05-27 00:00:00+02:00,lightgbm,70,True,False,0.001,100,0.001,10000,1000,1000,41.32050300016999
2026-05-28 00:00:00+02:00,lightgbm,70,True,False,0.001,100,0.001,10000,1000,1000,41.55211145803332
2026-05-29 00:00:00+02:00,lightgbm,70,True,False,0.001,100,0.001,10000,1000,1000,40.98386416584253
2026-05-30 00:00:00+02:00,lightgbm,70,True,False,0.001,100,0.001,10000,1000,1000,41.92639212496579
2026-05-31 00:00:00+02:00,lightgbm,70,True,False,0.001,100,0.001,10000,1000,1000,41.70033295825124
2026-06-01 00:00:00+02:00,lightgbm,70,True,False,0.001,100,0.001,10000,1000,1000,42.045126542449
2026-06-02 00:00:00+02:00,lightgbm,70,True,False,0.001,100,0.001,10000,1000,1000,41.7942958753556
2026-06-03 00:00:00+02:00,lightgbm,70,True,False,0.001,100,0.001,10000,1000,1000,41.53836995828897
2026-06-04 00:00:00+02:00,lightgbm,70,True,False,0.001,100,0.001,10000,1000,1000,42.34957870841026
2026-06-05 00:00:00+02:00,lightgbm,70,True,False,0.001,100,0.001,10000,1000,1000,41.63800249993801
2026-06-06 00:00:00+02:00,lightgbm,70,True,False,0.001,100,0.001,10000,1000,1000,41.7834496665746
2026-06-07 00:00:00+02:00,lightgbm,70,True,False,0.001,100,0.001,10000,1000,1000,41.6832478325814
2026-06-08 00:00:00+02:00,lightgbm,70,True,False,0.001,100,0.001,10000,1000,1000,42.185804958455265
2026-06-09 00:00:00+02:00,lightgbm,70,True,False,0.001,100,0.001,10000,1000,1000,42.16059687547386
2026-06-10 00:00:00+02:00,lightgbm,70,True,False,0.001,100,0.001,10000,1000,1000,41.931715416722
2026-06-11 00:00:00+02:00,lightgbm,70,True,False,0.001,100,0.001,10000,1000,1000,42.532244709320366
2026-06-12 00:00:00+02:00,lightgbm,70,True,False,0.001,100,0.001,10000,1000,1000,41.96758887544274
2026-06-13 00:00:00+02:00,lightgbm,70,True,False,0.001,100,0.001,10000,1000,1000,41.30805962532759
2026-06-14 00:00:00+02:00,lightgbm,70,True,False,0.001,100,0.001,10000,1000,1000,41.17276524938643
2026-06-15 00:00:00+02:00,lightgbm,70,True,False,0.001,100,0.001,10000,1000,1000,41.76825304143131
2026-06-16 00:00:00+02:00,lightgbm,70,True,False,0.001,100,0.001,10000,1000,1000,41.66153187491
2026-06-17 00:00:00+02:00,lightgbm,70,True,False,0.001,100,0.001,10000,1000,1000,41.55991404224187
2026-06-18 00:00:00+02:00,lightgbm,70,True,False,0.001,100,0.001,10000,1000,1000,41.860510624945164
2026-06-19 00:00:00+02:00,lightgbm,70,True,False,0.001,100,0.001,10000,1000,1000,42.0816965829581
2026-06-20 00:00:00+02:00,lightgbm,70,True,False,0.001,100,0.001,10000,1000,1000,42.397454457357526
2026-06-21 00:00:00+02:00,lightgbm,70,True,False,0.001,100,0.001,10000,1000,1000,42.82205466553569
2026-06-22 00:00:00+02:00,lightgbm,70,True,False,0.001,100,0.001,10000,1000,1000,43.64776608347893
2026-06-23 00:00:00+02:00,lightgbm,70,True,False,0.001,100,0.001,10000,1000,1000,42.057815791107714
2026-06-24 00:00:00+02:00,lightgbm,70,True,False,0.001,100,0.001,10000,1000,1000,43.67204708326608
2026-06-25 00:00:00+02:00,lightgbm,70,True,False,0.001,100,0.001,10000,1000,1000,43.14701749943197
2026-06-26 00:00:00+02:00,lightgbm,70,True,False,0.001,100,0.001,10000,1000,1000,43.561324166134
2026-06-27 00:00:00+02:00,lightgbm,70,True,False,0.001,100,0.001,10000,1000,1000,43.055282291956246
2026-06-28 00:00:00+02:00,lightgbm,70,True,False,0.001,100,0.001,10000,1000,1000,43.25149808265269
2026-06-29 00:00:00+02:00,lightgbm,70,True,False,0.001,100,0.001,10000,1000,1000,43.37852862570435
2026-06-30 00:00:00+02:00,lightgbm,70,True,False,0.001,100,0.001,10000,1000,1000,42.88365533389151
2026-07-01 00:00:00+02:00,lightgbm,70,True,False,0.001,100,0.001,10000,1000,1000,42.87057616747916
2026-07-02 00:00:00+02:00,lightgbm,70,True,False,0.001,100,0.001,10000,1000,1000,43.321299250237644
2026-07-03 00:00:00+02:00,lightgbm,70,True,False,0.001,100,0.001,10000,1000,1000,42.882280834019184
2026-07-04 00:00:00+02:00,lightgbm,70,True,False,0.001,100,0.001,10000,1000,1000,43.864027165807784
2026-07-05 00:00:00+02:00,lightgbm,70,True,False,0.001,100,0.001,10000,1000,1000,43.797635957598686
2026-07-06 00:00:00+02:00,lightgbm,70,True,False,0.001,100,0.001,10000,1000,1000,43.36435016617179
2026-07-07 00:00:00+02:00,lightgbm,70,True,False,0.001,100,0.001,10000,1000,1000,42.54294529184699
2026-07-08 00:00:00+02:00,lightgbm,70,True,False,0.001,100,0.001,10000,1000,1000,42.8131393333897
2026-07-09 00:00:00+02:00,lightgbm,70,True,False,0.001,100,0.001,10000,1000,1000,43.849094208329916
2026-07-10 00:00:00+02:00,lightgbm,70,True,False,0.001,100,0.001,10000,1000,1000,43.44897837564349
2026-07-11 00:00:00+02:00,lightgbm,70,True,False,0.001,100,0.001,10000,1000,1000,43.185820791870356
2026-07-12 00:00:00+02:00,lightgbm,70,True,False,0.001,100,0.001,10000,1000,1000,43.2287274999544
2026-07-13 00:00:00+02:00,lightgbm,70,True,False,0.001,100,0.001,10000,1000,1000,42.706255874596536
2026-07-14 00:00:00+02:00,lightgbm,70,True,False,0.001,100,0.001,10000,1000,1000,43.181713541038334
2026-07-15 00:00:00+02:00,lightgbm,70,True,False,0.001,100,0.001,10000,1000,1000,42.8703557504341
2026-07-16 00:00:00+02:00,lightgbm,70,True,False,0.001,100,0.001,10000,1000,1000,43.91719795856625
2026-07-17 00:00:00+02:00,lightgbm,70,True,False,0.001,100,0.001,10000,1000,1000,42.844170457683504
2026-07-18 00:00:00+02:00,lightgbm,70,True,False,0.001,100,0.001,10000,1000,1000,43.09081120882183
2026-07-19 00:00:00+02:00,lightgbm,70,True,False,0.001,100,0.001,10000,1000,1000,43.08458454255015
2026-07-20 00:00:00+02:00,lightgbm,70,True,False,0.001,100,0.001,10000,1000,1000,42.94774820934981
2026-07-21 00:00:00+02:00,lightgbm,70,True,False,0.001,100,0.001,10000,1000,1000,43.17577658314258
2026-07-22 00:00:00+02:00,lightgbm,70,True,False,0.001,100,0.001,10000,1000,1000,43.799328417517245
2026-07-23 00:00:00+02:00,lightgbm,70,True,False,0.001,100,0.001,10000,1000,1000,43.45139129087329
2026-07-24 00:00:00+02:00,lightgbm,70,True,False,0.001,100,0.001,10000,1000,1000,43.46498145908117
2026-07-25 00:00:00+02:00,lightgbm,70,True,False,0.001,100,0.001,10000,1000,1000,43.04313108231872
2026-07-26 00:00:00+02:00,lightgbm,70,True,False,0.001,100,0.001,10000,1000,1000,43.395592709071934
2026-07-27 00:00:00+02:00,lightgbm,70,True,False,0.001,100,0.001,10000,1000,1000,43.2256486248225
2026-07-28 00:00:00+02:00,lightgbm,70,True,False,0.001,100,0.001,10000,1000,1000,42.61129620950669
2026-07-29 00:00:00+02:00,lightgbm,70,True,False,0.001,100,0.001,10000,1000,1000,43.218515291810036
2026-07-30 00:00:00+02:00,lightgbm,70,True,False,0.001,100,0.001,10000,1000,1000,43.55154374986887
2026-07-31 00:00:00+02:00,lightgbm,70,True,False,0.001,100,0.001,10000,1000,1000,43.02069691661745
