date,train_rows,test_rows,n_features,n_selected_features,n_models,model_type,model_granularity,runtime_seconds
2026-02-01 00:00:00+01:00,14442,96,267,180,1,lightgbm,global,5.618634833022952
2026-02-02 00:00:00+01:00,14538,96,267,180,1,lightgbm,global,5.692313500680029
2026-02-03 00:00:00+01:00,14634,96,267,180,1,lightgbm,global,7.200881917029619
2026-02-04 00:00:00+01:00,14730,96,267,180,1,lightgbm,global,6.031921958550811
2026-02-05 00:00:00+01:00,14826,96,267,180,1,lightgbm,global,5.630402624607086
2026-02-06 00:00:00+01:00,14922,96,267,180,1,lightgbm,global,5.531136875040829
2026-02-07 00:00:00+01:00,15018,96,267,180,1,lightgbm,global,5.728007874451578
2026-02-08 00:00:00+01:00,15114,96,267,180,1,lightgbm,global,5.78324924968183
2026-02-09 00:00:00+01:00,15210,96,267,180,1,lightgbm,global,5.789269375614822
2026-02-10 00:00:00+01:00,15306,96,267,180,1,lightgbm,global,5.784058208577335
2026-02-11 00:00:00+01:00,15402,96,267,180,1,lightgbm,global,5.730766125023365
2026-02-12 00:00:00+01:00,15498,96,267,180,1,lightgbm,global,5.713458750396967
2026-02-13 00:00:00+01:00,15594,96,267,180,1,lightgbm,global,5.766907333396375
2026-02-14 00:00:00+01:00,15690,96,267,180,1,lightgbm,global,5.888826332986355
2026-02-15 00:00:00+01:00,15786,96,267,180,1,lightgbm,global,5.797542000189424
2026-02-16 00:00:00+01:00,15882,96,267,180,1,lightgbm,global,6.033669041469693
2026-02-17 00:00:00+01:00,15978,96,267,180,1,lightgbm,global,7.495264667086303
2026-02-18 00:00:00+01:00,16074,96,267,180,1,lightgbm,global,5.768290624953806
2026-02-19 00:00:00+01:00,16170,96,267,180,1,lightgbm,global,5.591008958406746
2026-02-20 00:00:00+01:00,16266,96,267,180,1,lightgbm,global,5.8128795409575105
2026-02-21 00:00:00+01:00,16362,96,267,180,1,lightgbm,global,5.9403873747214675
2026-02-22 00:00:00+01:00,16458,96,267,180,1,lightgbm,global,7.153982125222683
2026-02-23 00:00:00+01:00,16554,96,267,180,1,lightgbm,global,7.135194707661867
2026-02-24 00:00:00+01:00,16650,96,267,180,1,lightgbm,global,7.055649915710092
2026-02-25 00:00:00+01:00,16746,96,267,180,1,lightgbm,global,6.996480292640626
2026-02-26 00:00:00+01:00,16842,96,267,180,1,lightgbm,global,6.840274499729276
2026-02-27 00:00:00+01:00,16938,96,267,180,1,lightgbm,global,6.749982167035341
2026-02-28 00:00:00+01:00,17034,96,267,180,1,lightgbm,global,6.695872665382922
2026-03-01 00:00:00+01:00,17130,96,267,180,1,lightgbm,global,6.789124832488596
2026-03-02 00:00:00+01:00,17226,96,267,180,1,lightgbm,global,7.188388749957085
2026-03-03 00:00:00+01:00,17322,96,267,180,1,lightgbm,global,7.39745141658932
2026-03-04 00:00:00+01:00,17418,96,267,180,1,lightgbm,global,7.0052969167009
2026-03-05 00:00:00+01:00,17514,96,267,180,1,lightgbm,global,6.770164208486676
2026-03-06 00:00:00+01:00,17610,96,267,180,1,lightgbm,global,6.781604249961674
2026-03-07 00:00:00+01:00,17706,96,267,180,1,lightgbm,global,7.103448707610369
2026-03-08 00:00:00+01:00,17802,96,267,180,1,lightgbm,global,7.344432791694999
2026-03-09 00:00:00+01:00,17898,96,267,180,1,lightgbm,global,7.287324959412217
2026-03-10 00:00:00+01:00,17994,96,267,180,1,lightgbm,global,6.873825040645897
2026-03-11 00:00:00+01:00,18090,96,267,180,1,lightgbm,global,8.574267292395234
2026-03-12 00:00:00+01:00,18186,96,267,180,1,lightgbm,global,6.530438333749771
2026-03-13 00:00:00+01:00,18282,96,267,180,1,lightgbm,global,7.419375041499734
2026-03-14 00:00:00+01:00,18378,96,267,180,1,lightgbm,global,7.189560750499368
2026-03-15 00:00:00+01:00,18474,96,267,180,1,lightgbm,global,7.434890833683312
2026-03-16 00:00:00+01:00,18570,96,267,180,1,lightgbm,global,6.8675888339057565
2026-03-17 00:00:00+01:00,18666,96,267,180,1,lightgbm,global,6.805877166800201
2026-03-18 00:00:00+01:00,18762,96,267,180,1,lightgbm,global,6.86452641710639
2026-03-19 00:00:00+01:00,18858,96,267,180,1,lightgbm,global,7.4783716248348355
2026-03-20 00:00:00+01:00,18954,96,267,180,1,lightgbm,global,7.355133916251361
2026-03-21 00:00:00+01:00,19050,96,267,180,1,lightgbm,global,7.167477666400373
2026-03-22 00:00:00+01:00,19126,96,267,180,1,lightgbm,global,7.252071540802717
2026-03-23 00:00:00+01:00,19222,96,267,180,1,lightgbm,global,6.831021167337894
2026-03-24 00:00:00+01:00,19318,96,267,180,1,lightgbm,global,7.084691582247615
2026-03-25 00:00:00+01:00,19414,96,267,180,1,lightgbm,global,9.377199875190854
2026-03-26 00:00:00+01:00,19510,96,267,180,1,lightgbm,global,7.343018834479153
2026-03-27 00:00:00+01:00,19606,96,267,180,1,lightgbm,global,6.895127874799073
2026-03-28 00:00:00+01:00,19702,96,267,180,1,lightgbm,global,6.457090207375586
2026-03-29 00:00:00+01:00,19798,96,267,180,1,lightgbm,global,6.397956041619182
2026-03-30 00:00:00+02:00,19890,96,267,180,1,lightgbm,global,7.924867499619722
2026-03-31 00:00:00+02:00,19890,96,267,180,1,lightgbm,global,7.3208664152771235
2026-04-01 00:00:00+02:00,19986,96,267,180,1,lightgbm,global,9.46500691678375
2026-04-02 00:00:00+02:00,20082,96,267,180,1,lightgbm,global,6.856040290556848
2026-04-03 00:00:00+02:00,20178,96,267,180,1,lightgbm,global,6.722440041601658
2026-04-04 00:00:00+02:00,20274,96,267,180,1,lightgbm,global,6.661809749901295
2026-04-05 00:00:00+02:00,20370,96,267,180,1,lightgbm,global,9.64780708309263
2026-04-06 00:00:00+02:00,20466,96,267,180,1,lightgbm,global,7.4328349577263
2026-04-07 00:00:00+02:00,20562,96,267,180,1,lightgbm,global,7.306276875548065
2026-04-08 00:00:00+02:00,20658,96,267,180,1,lightgbm,global,7.0042838752269745
2026-04-09 00:00:00+02:00,20754,96,267,180,1,lightgbm,global,6.865091749466956
2026-04-10 00:00:00+02:00,20850,96,267,180,1,lightgbm,global,7.305280542001128
2026-04-11 00:00:00+02:00,20946,96,267,180,1,lightgbm,global,7.629736166447401
2026-04-12 00:00:00+02:00,21042,96,267,180,1,lightgbm,global,7.584060125052929
2026-04-13 00:00:00+02:00,21138,96,267,180,1,lightgbm,global,7.162154667079449
2026-04-14 00:00:00+02:00,21138,96,267,180,1,lightgbm,global,6.898807040415704
2026-04-15 00:00:00+02:00,21138,96,267,180,1,lightgbm,global,6.996335583738983
2026-04-16 00:00:00+02:00,21138,96,267,180,1,lightgbm,global,7.557965666987002
2026-04-17 00:00:00+02:00,21138,96,267,180,1,lightgbm,global,7.577272749505937
2026-04-18 00:00:00+02:00,21138,96,267,180,1,lightgbm,global,7.376554458402097
2026-04-19 00:00:00+02:00,21138,96,267,180,1,lightgbm,global,8.99940524995327
2026-04-20 00:00:00+02:00,21138,96,267,180,1,lightgbm,global,6.845037708058953
2026-04-21 00:00:00+02:00,21138,96,267,180,1,lightgbm,global,6.9411811251193285
2026-04-22 00:00:00+02:00,21138,96,267,180,1,lightgbm,global,7.56792804133147
2026-04-23 00:00:00+02:00,21138,96,267,180,1,lightgbm,global,7.594361249357462
2026-04-24 00:00:00+02:00,21138,96,267,180,1,lightgbm,global,7.277743708342314
2026-04-25 00:00:00+02:00,21138,96,267,180,1,lightgbm,global,7.098514957353473
2026-04-26 00:00:00+02:00,21138,96,267,180,1,lightgbm,global,9.16921762470156
2026-04-27 00:00:00+02:00,21138,96,267,180,1,lightgbm,global,7.911869457922876
2026-04-28 00:00:00+02:00,21138,96,267,180,1,lightgbm,global,7.500015041790903
2026-04-29 00:00:00+02:00,21138,96,267,180,1,lightgbm,global,7.43857366591692
2026-04-30 00:00:00+02:00,21138,96,267,180,1,lightgbm,global,6.8775514997541904
2026-05-01 00:00:00+02:00,21138,96,267,180,1,lightgbm,global,6.9021322494372725
2026-05-02 00:00:00+02:00,21138,96,267,180,1,lightgbm,global,7.045022415928543
2026-05-03 00:00:00+02:00,21138,96,267,180,1,lightgbm,global,7.653634209185839
2026-05-04 00:00:00+02:00,21138,96,267,180,1,lightgbm,global,7.508885791525245
2026-05-05 00:00:00+02:00,21138,96,267,180,1,lightgbm,global,9.693394999951124
2026-05-06 00:00:00+02:00,21138,96,267,180,1,lightgbm,global,7.134982042014599
2026-05-07 00:00:00+02:00,21138,96,267,180,1,lightgbm,global,8.649472124874592
2026-05-08 00:00:00+02:00,21138,96,267,180,1,lightgbm,global,7.385970625095069
2026-05-09 00:00:00+02:00,21138,96,267,180,1,lightgbm,global,7.306012166664004
2026-05-10 00:00:00+02:00,21138,96,267,180,1,lightgbm,global,7.222177291288972
2026-05-11 00:00:00+02:00,21138,96,267,180,1,lightgbm,global,6.897215583361685
2026-05-12 00:00:00+02:00,21138,96,267,180,1,lightgbm,global,6.716129540465772
2026-05-13 00:00:00+02:00,21138,96,267,180,1,lightgbm,global,9.320156790316105
2026-05-14 00:00:00+02:00,21138,96,267,180,1,lightgbm,global,7.52001712564379
2026-05-15 00:00:00+02:00,21138,96,267,180,1,lightgbm,global,7.4381053345277905
2026-05-16 00:00:00+02:00,21138,96,267,180,1,lightgbm,global,6.98011220805347
2026-05-17 00:00:00+02:00,21138,96,267,180,1,lightgbm,global,6.79088450036943
2026-05-18 00:00:00+02:00,21138,96,267,180,1,lightgbm,global,6.994163082912564
2026-05-19 00:00:00+02:00,21234,96,267,180,1,lightgbm,global,7.635201415978372
2026-05-20 00:00:00+02:00,21234,96,267,180,1,lightgbm,global,7.88892300054431
2026-05-21 00:00:00+02:00,21234,96,267,180,1,lightgbm,global,7.720098249614239
2026-05-22 00:00:00+02:00,21234,96,267,180,1,lightgbm,global,7.178986041806638
2026-05-23 00:00:00+02:00,21234,96,267,180,1,lightgbm,global,7.019187249243259
2026-05-24 00:00:00+02:00,21234,96,267,180,1,lightgbm,global,7.328760459087789
2026-05-25 00:00:00+02:00,21234,96,267,180,1,lightgbm,global,7.763892042450607
2026-05-26 00:00:00+02:00,21234,96,267,180,1,lightgbm,global,7.675299624912441
2026-05-27 00:00:00+02:00,21234,96,267,180,1,lightgbm,global,7.187040667049587
2026-05-28 00:00:00+02:00,21234,96,267,180,1,lightgbm,global,7.0769177079200745
2026-05-29 00:00:00+02:00,21234,96,267,180,1,lightgbm,global,7.178540541790426
2026-05-30 00:00:00+02:00,21234,96,267,180,1,lightgbm,global,7.826141833327711
2026-05-31 00:00:00+02:00,21234,96,267,180,1,lightgbm,global,7.658702166751027
2026-06-01 00:00:00+02:00,21234,96,267,180,1,lightgbm,global,7.546004333533347
2026-06-02 00:00:00+02:00,21234,96,267,180,1,lightgbm,global,7.135111750103533
2026-06-03 00:00:00+02:00,21234,96,267,180,1,lightgbm,global,6.978099457919598
2026-06-04 00:00:00+02:00,21234,96,267,180,1,lightgbm,global,8.88145645800978
2026-06-05 00:00:00+02:00,21234,96,267,180,1,lightgbm,global,8.611595291644335
2026-06-06 00:00:00+02:00,21234,96,267,180,1,lightgbm,global,7.453703832812607
2026-06-07 00:00:00+02:00,21234,96,267,180,1,lightgbm,global,7.311158916912973
2026-06-08 00:00:00+02:00,21234,96,267,180,1,lightgbm,global,7.1229988327249885
2026-06-09 00:00:00+02:00,21238,96,267,180,1,lightgbm,global,7.033685291185975
2026-06-10 00:00:00+02:00,21238,96,267,180,1,lightgbm,global,7.6703623328357935
2026-06-11 00:00:00+02:00,21330,96,267,180,1,lightgbm,global,7.693645125254989
2026-06-12 00:00:00+02:00,21334,96,267,180,1,lightgbm,global,7.598728667013347
2026-06-13 00:00:00+02:00,21334,96,267,180,1,lightgbm,global,7.118429667316377
2026-06-14 00:00:00+02:00,21334,96,267,180,1,lightgbm,global,7.038074124604464
2026-06-15 00:00:00+02:00,21334,96,267,180,1,lightgbm,global,7.319691750220954
2026-06-16 00:00:00+02:00,21334,96,267,180,1,lightgbm,global,8.066245124675333
2026-06-17 00:00:00+02:00,21334,96,267,180,1,lightgbm,global,8.065812832675874
2026-06-18 00:00:00+02:00,21334,96,267,180,1,lightgbm,global,7.787151792086661
2026-06-19 00:00:00+02:00,21334,96,267,180,1,lightgbm,global,6.882783041335642
2026-06-20 00:00:00+02:00,21334,96,267,180,1,lightgbm,global,7.197229125536978
2026-06-21 00:00:00+02:00,21334,96,267,180,1,lightgbm,global,7.192175209522247
2026-06-22 00:00:00+02:00,21334,96,267,180,1,lightgbm,global,7.936817167326808
2026-06-23 00:00:00+02:00,21334,96,267,180,1,lightgbm,global,9.806190459057689
2026-06-24 00:00:00+02:00,21334,96,267,180,1,lightgbm,global,7.316623209044337
2026-06-25 00:00:00+02:00,21334,96,267,180,1,lightgbm,global,7.2632307494059205
2026-06-26 00:00:00+02:00,21334,96,267,180,1,lightgbm,global,7.168442208319902
2026-06-27 00:00:00+02:00,21334,96,267,180,1,lightgbm,global,7.635091249831021
2026-06-28 00:00:00+02:00,21334,96,267,180,1,lightgbm,global,7.579344499856234
2026-06-29 00:00:00+02:00,21334,96,267,180,1,lightgbm,global,7.13302112556994
2026-06-30 00:00:00+02:00,21334,96,267,180,1,lightgbm,global,6.894352667033672
2026-07-01 00:00:00+02:00,21334,96,267,180,1,lightgbm,global,6.7461049584671855
2026-07-02 00:00:00+02:00,21334,96,267,180,1,lightgbm,global,7.695977749302983
2026-07-03 00:00:00+02:00,21334,96,267,180,1,lightgbm,global,7.606780375353992
2026-07-04 00:00:00+02:00,21334,96,267,180,1,lightgbm,global,7.802033665589988
2026-07-05 00:00:00+02:00,21334,96,267,180,1,lightgbm,global,6.98863008338958
2026-07-06 00:00:00+02:00,21334,96,267,180,1,lightgbm,global,6.967871624976397
2026-07-07 00:00:00+02:00,21334,96,267,180,1,lightgbm,global,7.064364915713668
2026-07-08 00:00:00+02:00,21334,96,267,180,1,lightgbm,global,7.673832583241165
2026-07-09 00:00:00+02:00,21334,96,267,180,1,lightgbm,global,7.5300424583256245
2026-07-10 00:00:00+02:00,21334,96,267,180,1,lightgbm,global,7.296692917123437
2026-07-11 00:00:00+02:00,21334,96,267,180,1,lightgbm,global,6.921780250035226
2026-07-12 00:00:00+02:00,21334,96,267,180,1,lightgbm,global,6.782646582461894
2026-07-13 00:00:00+02:00,21334,96,267,180,1,lightgbm,global,7.803545583039522
2026-07-14 00:00:00+02:00,21334,96,267,180,1,lightgbm,global,7.687463833019137
2026-07-15 00:00:00+02:00,21334,96,267,180,1,lightgbm,global,7.445606000721455
2026-07-16 00:00:00+02:00,21334,96,267,180,1,lightgbm,global,7.066385542042553
2026-07-17 00:00:00+02:00,21334,96,267,180,1,lightgbm,global,7.004986458458006
2026-07-18 00:00:00+02:00,21334,96,267,180,1,lightgbm,global,7.291737792082131
2026-07-19 00:00:00+02:00,21334,96,267,180,1,lightgbm,global,7.637947375886142
2026-07-20 00:00:00+02:00,21334,96,267,180,1,lightgbm,global,7.623594916425645
2026-07-21 00:00:00+02:00,21334,96,267,180,1,lightgbm,global,6.972814083099365
2026-07-22 00:00:00+02:00,21334,96,267,180,1,lightgbm,global,6.8855497082695365
2026-07-23 00:00:00+02:00,21334,96,267,180,1,lightgbm,global,6.803325083106756
2026-07-24 00:00:00+02:00,21334,96,267,180,1,lightgbm,global,7.618839792907238
2026-07-25 00:00:00+02:00,21334,96,267,180,1,lightgbm,global,7.595467374660075
2026-07-26 00:00:00+02:00,21334,96,267,180,1,lightgbm,global,7.277557792142034
2026-07-27 00:00:00+02:00,21334,96,267,180,1,lightgbm,global,7.194084958173335
2026-07-28 00:00:00+02:00,21334,96,267,180,1,lightgbm,global,6.904249749146402
2026-07-29 00:00:00+02:00,21334,96,267,180,1,lightgbm,global,7.4803670002147555
2026-07-30 00:00:00+02:00,21334,96,267,180,1,lightgbm,global,7.581455041654408
2026-07-31 00:00:00+02:00,21334,96,267,180,1,lightgbm,global,7.4881442906335
