target,period,mae,mse,rmse,nrmse,nrmse_pct,r2,bias,installed_capacity_mw,n_obs
Solar_TransnetBW,full,200.97634155995146,159598.67225931614,399.49802535095984,0.06160995392295844,6.1609953922958445,0.9684974783496142,-25.40209261549382,6484.309757,20640
Solar_TransnetBW,2025-11,,,,,,,,6484.309757,0
Solar_TransnetBW,2025-12,50.42710031245778,12029.902780390215,109.68091347354022,0.016914817086758772,1.6914817086758773,0.9865191921987307,18.784288788470317,6484.309757,288
Solar_TransnetBW,2026-01,122.38040000159589,81463.2477096805,285.4176723850163,0.0440166622325375,4.40166622325375,0.8840765668949666,-15.165323006367387,6484.309757,2976
Solar_TransnetBW,2026-02,174.3837608938498,139333.47423728125,373.27399351854297,0.05756572519003783,5.756572519003783,0.8787298760130049,-11.813148070880125,6484.309757,2688
Solar_TransnetBW,2026-03,160.0758463945513,100454.07054823224,316.9449014390865,0.048878741657419324,4.887874165741932,0.9747125311208275,15.683506532871089,6484.309757,2976
Solar_TransnetBW,2026-04,220.7024360731616,162632.89079043255,403.27768446869527,0.06219284697701946,6.219284697701946,0.9752195663151121,-42.7155494546017,6484.309757,2880
Solar_TransnetBW,2026-05,232.67715088518906,185645.1380099123,430.865568373608,0.06644740682051412,6.644740682051411,0.9703929732993916,-61.615046693687376,6484.309757,2976
Solar_TransnetBW,2026-06,290.2651369252537,310800.3950815999,557.4947489273777,0.08597595886370882,8.597595886370883,0.9519333073457618,-40.63841895576562,6484.309757,2880
Solar_TransnetBW,2026-07,221.862074959694,154156.54284852836,392.62774080358656,0.06055042950095553,6.055042950095553,0.976777175838814,-25.56170394252343,6484.309757,2976
Solar_Amprion,full,392.6393645654344,731087.132935144,855.0363342777569,0.09165113525912012,9.165113525912012,0.946842591415307,-139.5079396227308,9329.249789,20256
Solar_Amprion,2025-11,,,,,,,,9329.249789,0
Solar_Amprion,2025-12,,,,,,,,9329.249789,0
Solar_Amprion,2026-01,168.66198268390232,145401.43627382215,381.3154026181242,0.04087310461637852,4.087310461637852,0.8155643126791143,-0.5623997186469877,9329.249789,2880
Solar_Amprion,2026-02,179.4685719880186,157711.23354487546,397.12873674021057,0.04256813202798579,4.256813202798579,0.9324125404529845,-16.16374882927484,9329.249789,2688
Solar_Amprion,2026-03,229.35205331015544,207188.74859901995,455.17990794741803,0.048790622852023416,4.879062285202342,0.9789524353714587,-17.947059605184243,9329.249789,2976
Solar_Amprion,2026-04,433.92129260776807,736209.8227347205,858.0267028098372,0.0919716721296846,9.19716721296846,0.9559334079317819,-252.73089901522317,9329.249789,2880
Solar_Amprion,2026-05,452.381241165024,793967.8766540267,891.0487509974,0.0955112973872802,9.55112973872802,0.9501164679373193,-153.8046323630065,9329.249789,2976
Solar_Amprion,2026-06,597.0641214683978,1475049.092266514,1214.5159909472225,0.13018367161518635,13.018367161518634,0.9181403434385659,-263.4648964606348,9329.249789,2880
Solar_Amprion,2026-07,667.6978024551463,1551864.6641600882,1245.7386018583868,0.13353041563183585,13.353041563183584,0.9217621564133739,-263.11425762346545,9329.249789,2976
Solar_50Hertz,full,403.5347960035146,669286.4921186685,818.0993167816903,0.037156473782213637,3.7156473782213637,0.9601025756847676,0.8937346011443099,22017.679115,20160
Solar_50Hertz,2025-11,,,,,,,,22017.679115,0
Solar_50Hertz,2025-12,,,,,,,,22017.679115,0
Solar_50Hertz,2026-01,178.56312902337274,239089.65359594597,488.9679474116335,0.02220796955290869,2.220796955290869,0.8612508266477168,18.376939979005947,22017.679115,2784
Solar_50Hertz,2026-02,253.87580741410042,294820.3740092352,542.9736402526694,0.024660802685727096,2.4660802685727097,0.9286024887396055,-45.4808522476137,22017.679115,2688
Solar_50Hertz,2026-03,327.95303320405714,423020.3449360022,650.4001421709579,0.02953990467268911,2.9539904672689112,0.9712811104198894,64.80047894982106,22017.679115,2976
Solar_50Hertz,2026-04,473.9897239044978,782098.0491028875,884.3630753841363,0.04016604433033297,4.016604433033296,0.961104569181085,104.06259866410332,22017.679115,2880
Solar_50Hertz,2026-05,469.3145755424721,648916.9364306917,805.5538072845859,0.036586681233617656,3.6586681233617657,0.9685424151661675,-90.1676710717798,22017.679115,2976
Solar_50Hertz,2026-06,602.4221379108691,1550733.6701780448,1245.2845739741758,0.056558394164523906,5.655839416452391,0.9239706639928065,-0.5098388817260153,22017.679115,2880
Solar_50Hertz,2026-07,498.31619631812964,714405.9876639965,845.2254064236336,0.03838848781513063,3.8388487815130627,0.9651946784352218,-44.90267638413815,22017.679115,2976
Solar_TenneT,full,461.02485581760413,904013.331209325,950.7961564969249,0.03361094273250753,3.361094273250753,0.9719007372399192,-20.982559002641157,28288.291824,19680
Solar_TenneT,2025-11,,,,,,,,28288.291824,0
Solar_TenneT,2025-12,,,,,,,,28288.291824,0
Solar_TenneT,2026-01,283.8563351590164,408245.1025973814,638.9406096010656,0.0225867512105833,2.25867512105833,0.8994843065971362,-33.496939908868114,28288.291824,2304
Solar_TenneT,2026-02,291.1901291160016,353028.6276269707,594.1621223428591,0.021003817623189515,2.1003817623189516,0.9415474902740122,25.712406344953017,28288.291824,2688
Solar_TenneT,2026-03,356.2554039962564,437638.5731108625,661.5425708983985,0.02338573764065672,2.338573764065672,0.9810819321775983,57.144440135381835,28288.291824,2976
Solar_TenneT,2026-04,522.6553105789949,928766.21786141,963.7251775591473,0.03406798768745434,3.4067987687454337,0.9770975473069835,-29.254997073910697,28288.291824,2880
Solar_TenneT,2026-05,442.07647644109824,541253.9873099235,735.6996583592543,0.026007213971650317,2.6007213971650316,0.9877805079363782,-121.10987051462335,28288.291824,2976
Solar_TenneT,2026-06,757.7868556631817,2783123.2499937615,1668.2695375729193,0.058973852078178395,5.897385207817839,0.9173709519508564,1.9595045339368071,28288.291824,2880
Solar_TenneT,2026-07,528.4731129910037,772183.7243006387,878.7398501835675,0.031063729674834516,3.1063729674834515,0.980996473178107,-45.66620314295431,28288.291824,2976
Solar,full,1037.0805606437816,4641695.340403496,2154.459407926614,0.03258431195931403,3.258431195931403,0.981153477395141,-161.76582373299917,66119.530485,19680
Solar,2025-11,,,,,,,,66119.530485,0
Solar,2025-12,,,,,,,,66119.530485,0
Solar,2026-01,578.4711427915287,1745995.6113986233,1321.3612720973108,0.01998443217011466,1.9984432170114659,0.9319725103306875,-23.64384991597514,66119.530485,2304
Solar,2026-02,631.3889008498534,1702832.1496161986,1304.9261088721455,0.01973586471803794,1.973586471803794,0.9634069569652053,-61.76611764840068,66119.530485,2688
Solar,2026-03,723.7445837168651,2037275.771810516,1427.3316964919247,0.021587142044448303,2.15871420444483,0.9890763077399871,67.95995758540016,66119.530485,2976
Solar,2026-04,1087.8604025617358,3776700.0093783876,1943.3733582043333,0.029391820298016343,2.9391820298016342,0.9874665200696423,-258.15205110721485,66119.530485,2880
Solar,2026-05,1082.0451012870444,3790825.4162932043,1947.0042157872192,0.029446733839541106,2.9446733839541106,0.9877661118430543,-364.08601375985893,66119.530485,2976
Solar,2026-06,1728.3506011236957,13933704.644979315,3732.787784616119,0.0564551465691812,5.64551465691812,0.9517788520386999,-232.71113250385963,66119.530485,2880
Solar,2026-07,1308.8228366289843,4838099.1438048305,2199.567944802986,0.033266539079583816,3.3266539079583817,0.984712440896683,-224.49312656083066,66119.530485,2976
