date,train_rows,test_rows,n_features,model_type,runtime_seconds
2025-11-23 00:00:00+01:00,2699,96,405,hist_gradient_boosting,0.02372366562485695
2025-11-24 00:00:00+01:00,2795,96,405,hist_gradient_boosting,0.023940250277519226
2025-11-25 00:00:00+01:00,2891,96,405,hist_gradient_boosting,0.023084457963705063
2025-11-26 00:00:00+01:00,2987,96,405,hist_gradient_boosting,0.02436991687864065
2025-11-27 00:00:00+01:00,3083,96,405,hist_gradient_boosting,0.024463624693453312
2025-11-28 00:00:00+01:00,3179,96,405,hist_gradient_boosting,0.06172808352857828
2025-11-29 00:00:00+01:00,3275,96,405,hist_gradient_boosting,0.02605695929378271
2025-11-30 00:00:00+01:00,3371,96,405,hist_gradient_boosting,0.02402350027114153
2025-12-01 00:00:00+01:00,3467,96,405,hist_gradient_boosting,0.025554665364325047
2025-12-02 00:00:00+01:00,3563,96,405,hist_gradient_boosting,0.025282874703407288
2025-12-03 00:00:00+01:00,3659,96,405,hist_gradient_boosting,0.0247382503002882
2025-12-04 00:00:00+01:00,3755,96,405,hist_gradient_boosting,0.03741020988672972
2025-12-05 00:00:00+01:00,3851,96,405,hist_gradient_boosting,0.041084833443164825
2025-12-06 00:00:00+01:00,3947,96,405,hist_gradient_boosting,0.06371245812624693
2025-12-07 00:00:00+01:00,4043,96,405,hist_gradient_boosting,0.02762366645038128
2025-12-08 00:00:00+01:00,4139,96,405,hist_gradient_boosting,0.02683929167687893
2025-12-09 00:00:00+01:00,4235,96,405,hist_gradient_boosting,0.026616000570356846
2025-12-10 00:00:00+01:00,4331,96,405,hist_gradient_boosting,0.027408834546804428
2025-12-11 00:00:00+01:00,4427,96,405,hist_gradient_boosting,0.027304708026349545
2025-12-12 00:00:00+01:00,4523,96,405,hist_gradient_boosting,0.03040254022926092
2025-12-13 00:00:00+01:00,4619,96,405,hist_gradient_boosting,0.029199082404375076
2025-12-14 00:00:00+01:00,4715,96,405,hist_gradient_boosting,0.028550708666443825
2025-12-15 00:00:00+01:00,4811,96,405,hist_gradient_boosting,0.07162800058722496
2025-12-16 00:00:00+01:00,4907,96,405,hist_gradient_boosting,0.03028237447142601
2025-12-17 00:00:00+01:00,5003,96,405,hist_gradient_boosting,0.029713332653045654
2025-12-18 00:00:00+01:00,5099,96,405,hist_gradient_boosting,0.02948412485420704
2025-12-19 00:00:00+01:00,5195,96,405,hist_gradient_boosting,0.02878745924681425
2025-12-20 00:00:00+01:00,5291,96,405,hist_gradient_boosting,0.030653666704893112
2025-12-21 00:00:00+01:00,5387,96,405,hist_gradient_boosting,0.030977667309343815
2025-12-22 00:00:00+01:00,5483,96,405,hist_gradient_boosting,0.028403165750205517
2025-12-23 00:00:00+01:00,5579,96,405,hist_gradient_boosting,0.07272662501782179
2025-12-24 00:00:00+01:00,5675,96,405,hist_gradient_boosting,0.03418212477117777
2025-12-25 00:00:00+01:00,5771,96,405,hist_gradient_boosting,0.031156917102634907
2025-12-26 00:00:00+01:00,5867,96,405,hist_gradient_boosting,0.0329733332619071
2025-12-27 00:00:00+01:00,5963,96,405,hist_gradient_boosting,0.031680041924118996
2025-12-28 00:00:00+01:00,6059,96,405,hist_gradient_boosting,0.03293487522751093
2025-12-29 00:00:00+01:00,6155,96,405,hist_gradient_boosting,11.81814341712743
2025-12-30 00:00:00+01:00,6251,96,405,hist_gradient_boosting,12.29435579199344
2025-12-31 00:00:00+01:00,6347,96,405,hist_gradient_boosting,11.64681874960661
2026-01-01 00:00:00+01:00,6443,96,405,hist_gradient_boosting,11.511243250221014
2026-01-02 00:00:00+01:00,6539,96,405,hist_gradient_boosting,23.97432424966246
2026-01-03 00:00:00+01:00,6635,96,405,hist_gradient_boosting,34.01345287449658
2026-01-04 00:00:00+01:00,6731,96,405,hist_gradient_boosting,36.872664916329086
2026-01-05 00:00:00+01:00,6827,96,405,hist_gradient_boosting,38.36841129232198
2026-01-06 00:00:00+01:00,6923,96,405,hist_gradient_boosting,38.63675162475556
2026-01-07 00:00:00+01:00,7019,96,405,hist_gradient_boosting,36.48618270736188
2026-01-08 00:00:00+01:00,7115,96,405,hist_gradient_boosting,50.430024166591465
2026-01-09 00:00:00+01:00,7211,96,405,hist_gradient_boosting,46.95487954188138
2026-01-10 00:00:00+01:00,7307,96,405,hist_gradient_boosting,44.71992054209113
2026-01-11 00:00:00+01:00,7403,96,405,hist_gradient_boosting,44.59706845879555
2026-01-12 00:00:00+01:00,7499,96,405,hist_gradient_boosting,45.62430395744741
2026-01-13 00:00:00+01:00,7595,96,405,hist_gradient_boosting,46.31005962565541
2026-01-14 00:00:00+01:00,7691,96,405,hist_gradient_boosting,51.91653912421316
2026-01-15 00:00:00+01:00,7787,96,405,hist_gradient_boosting,46.64100941736251
2026-01-16 00:00:00+01:00,7883,96,405,hist_gradient_boosting,57.76402545906603
2026-01-17 00:00:00+01:00,7979,96,405,hist_gradient_boosting,56.15593695733696
2026-01-18 00:00:00+01:00,8075,96,405,hist_gradient_boosting,47.52282041776925
2026-01-19 00:00:00+01:00,8171,96,405,hist_gradient_boosting,45.91639174986631
2026-01-20 00:00:00+01:00,8267,96,405,hist_gradient_boosting,47.826320542022586
2026-01-21 00:00:00+01:00,8363,96,405,hist_gradient_boosting,46.19224391691387
2026-01-22 00:00:00+01:00,8459,96,405,hist_gradient_boosting,50.32071224972606
2026-01-23 00:00:00+01:00,8555,96,405,hist_gradient_boosting,46.1705039171502
2026-01-24 00:00:00+01:00,8582,96,405,hist_gradient_boosting,45.93783483374864
2026-01-25 00:00:00+01:00,8582,96,405,hist_gradient_boosting,51.21968995872885
2026-01-26 00:00:00+01:00,8582,96,405,hist_gradient_boosting,49.79045041650534
2026-01-27 00:00:00+01:00,8582,96,405,hist_gradient_boosting,49.847274833358824
2026-01-28 00:00:00+01:00,8582,96,405,hist_gradient_boosting,46.11679045855999
2026-01-29 00:00:00+01:00,8582,96,405,hist_gradient_boosting,45.34845308307558
2026-01-30 00:00:00+01:00,8582,96,405,hist_gradient_boosting,45.74169499985874
2026-01-31 00:00:00+01:00,8582,96,405,hist_gradient_boosting,48.38794870860875
2026-02-01 00:00:00+01:00,8582,96,405,hist_gradient_boosting,50.39365675020963
2026-02-02 00:00:00+01:00,8582,96,405,hist_gradient_boosting,48.85257420782
2026-02-03 00:00:00+01:00,8582,96,405,hist_gradient_boosting,48.42632758338004
2026-02-04 00:00:00+01:00,8582,96,405,hist_gradient_boosting,48.49772266577929
2026-02-05 00:00:00+01:00,8582,96,405,hist_gradient_boosting,52.17135979235172
2026-02-06 00:00:00+01:00,8582,96,405,hist_gradient_boosting,50.148638624697924
2026-02-07 00:00:00+01:00,8582,96,405,hist_gradient_boosting,46.05753366649151
2026-02-08 00:00:00+01:00,8582,96,405,hist_gradient_boosting,45.40596424974501
2026-02-09 00:00:00+01:00,8582,96,405,hist_gradient_boosting,45.867371916770935
2026-02-10 00:00:00+01:00,8582,96,405,hist_gradient_boosting,45.718031709082425
2026-02-11 00:00:00+01:00,8582,96,405,hist_gradient_boosting,45.41558458376676
2026-02-12 00:00:00+01:00,8582,96,405,hist_gradient_boosting,46.45587495807558
2026-02-13 00:00:00+01:00,8582,96,405,hist_gradient_boosting,49.26299499999732
2026-02-14 00:00:00+01:00,8582,96,405,hist_gradient_boosting,45.416356917470694
2026-02-15 00:00:00+01:00,8582,96,405,hist_gradient_boosting,45.656721708364785
2026-02-16 00:00:00+01:00,8582,96,405,hist_gradient_boosting,45.705238916911185
2026-02-17 00:00:00+01:00,8582,96,405,hist_gradient_boosting,45.56315687485039
2026-02-18 00:00:00+01:00,8582,96,405,hist_gradient_boosting,45.8181107500568
2026-02-19 00:00:00+01:00,8582,96,405,hist_gradient_boosting,45.5792152909562
2026-02-20 00:00:00+01:00,8582,96,405,hist_gradient_boosting,46.27166745904833
2026-02-21 00:00:00+01:00,8582,96,405,hist_gradient_boosting,46.62427929230034
2026-02-22 00:00:00+01:00,8582,96,405,hist_gradient_boosting,49.421022625640035
2026-02-23 00:00:00+01:00,8582,96,405,hist_gradient_boosting,46.765487249940634
2026-02-24 00:00:00+01:00,8582,96,405,hist_gradient_boosting,53.53342083282769
2026-02-25 00:00:00+01:00,8582,96,405,hist_gradient_boosting,46.53733945917338
2026-02-26 00:00:00+01:00,8582,96,405,hist_gradient_boosting,49.88494533393532
2026-02-27 00:00:00+01:00,8582,96,405,hist_gradient_boosting,46.56833933480084
2026-02-28 00:00:00+01:00,8582,96,405,hist_gradient_boosting,47.962834750302136
2026-03-01 00:00:00+01:00,8582,96,405,hist_gradient_boosting,56.200582625344396
2026-03-02 00:00:00+01:00,8582,96,405,hist_gradient_boosting,48.53048225026578
2026-03-03 00:00:00+01:00,8582,96,405,hist_gradient_boosting,46.976151041686535
2026-03-04 00:00:00+01:00,8582,96,405,hist_gradient_boosting,52.528270833194256
2026-03-05 00:00:00+01:00,8582,96,405,hist_gradient_boosting,47.24636112526059
2026-03-06 00:00:00+01:00,8582,96,405,hist_gradient_boosting,46.953185125254095
2026-03-07 00:00:00+01:00,8582,96,405,hist_gradient_boosting,49.38881270866841
2026-03-08 00:00:00+01:00,8582,96,405,hist_gradient_boosting,49.09897075034678
2026-03-09 00:00:00+01:00,8582,96,405,hist_gradient_boosting,47.5725983325392
2026-03-10 00:00:00+01:00,8582,96,405,hist_gradient_boosting,48.35646212473512
2026-03-11 00:00:00+01:00,8582,96,405,hist_gradient_boosting,53.22999862488359
2026-03-12 00:00:00+01:00,8582,96,405,hist_gradient_boosting,47.27768358308822
2026-03-13 00:00:00+01:00,8582,96,405,hist_gradient_boosting,48.64664758462459
2026-03-14 00:00:00+01:00,8582,96,405,hist_gradient_boosting,48.087421000003815
2026-03-15 00:00:00+01:00,8582,96,405,hist_gradient_boosting,48.21011320967227
2026-03-16 00:00:00+01:00,8582,96,405,hist_gradient_boosting,46.68142858333886
2026-03-17 00:00:00+01:00,8582,96,405,hist_gradient_boosting,47.752499958500266
2026-03-18 00:00:00+01:00,8582,96,405,hist_gradient_boosting,48.452740624547005
2026-03-19 00:00:00+01:00,8582,96,405,hist_gradient_boosting,48.916494124569
2026-03-20 00:00:00+01:00,8582,96,405,hist_gradient_boosting,49.14768750034273
2026-03-21 00:00:00+01:00,8582,96,405,hist_gradient_boosting,47.44767704140395
2026-03-22 00:00:00+01:00,8582,96,405,hist_gradient_boosting,46.45939420815557
2026-03-23 00:00:00+01:00,8582,96,405,hist_gradient_boosting,46.703598082996905
2026-03-24 00:00:00+01:00,8582,96,405,hist_gradient_boosting,46.44006933365017
2026-03-25 00:00:00+01:00,8582,96,405,hist_gradient_boosting,46.22407966759056
2026-03-26 00:00:00+01:00,8582,96,405,hist_gradient_boosting,46.334733583033085
2026-03-27 00:00:00+01:00,8582,96,405,hist_gradient_boosting,46.53035075031221
2026-03-28 00:00:00+01:00,8582,96,405,hist_gradient_boosting,47.73850229103118
2026-03-29 00:00:00+01:00,8582,96,405,hist_gradient_boosting,46.43093529250473
2026-03-30 00:00:00+02:00,8582,96,405,hist_gradient_boosting,46.609434083104134
2026-03-31 00:00:00+02:00,8582,96,405,hist_gradient_boosting,46.565331916324794
2026-04-01 00:00:00+02:00,8582,96,405,hist_gradient_boosting,46.75421270914376
2026-04-02 00:00:00+02:00,8582,96,405,hist_gradient_boosting,46.63342062570155
2026-04-03 00:00:00+02:00,8582,96,405,hist_gradient_boosting,46.72601379174739
2026-04-04 00:00:00+02:00,8582,96,405,hist_gradient_boosting,46.701469250023365
2026-04-05 00:00:00+02:00,8582,96,405,hist_gradient_boosting,46.56707704253495
2026-04-06 00:00:00+02:00,8582,96,405,hist_gradient_boosting,46.895755250006914
2026-04-07 00:00:00+02:00,8582,96,405,hist_gradient_boosting,46.71300966665149
2026-04-08 00:00:00+02:00,8582,96,405,hist_gradient_boosting,46.754298334009945
2026-04-09 00:00:00+02:00,8582,96,405,hist_gradient_boosting,46.74035066738725
2026-04-10 00:00:00+02:00,8582,96,405,hist_gradient_boosting,47.12559637520462
2026-04-11 00:00:00+02:00,8582,96,405,hist_gradient_boosting,46.87442329246551
2026-04-12 00:00:00+02:00,8582,96,405,hist_gradient_boosting,46.79823408462107
2026-04-13 00:00:00+02:00,8582,96,405,hist_gradient_boosting,46.93922604247928
2026-04-14 00:00:00+02:00,8582,96,405,hist_gradient_boosting,46.812275500036776
2026-04-15 00:00:00+02:00,8582,96,405,hist_gradient_boosting,47.13494429178536
2026-04-16 00:00:00+02:00,8582,96,405,hist_gradient_boosting,46.989977666176856
2026-04-17 00:00:00+02:00,8582,96,405,hist_gradient_boosting,47.2095539169386
2026-04-18 00:00:00+02:00,8582,96,405,hist_gradient_boosting,46.928067499771714
2026-04-19 00:00:00+02:00,8582,96,405,hist_gradient_boosting,46.946318708360195
2026-04-20 00:00:00+02:00,8582,96,405,hist_gradient_boosting,47.08385887462646
2026-04-21 00:00:00+02:00,8582,96,405,hist_gradient_boosting,47.04706470947713
2026-04-22 00:00:00+02:00,8582,96,405,hist_gradient_boosting,47.02435512561351
2026-04-23 00:00:00+02:00,8582,96,405,hist_gradient_boosting,46.67721545789391
2026-04-24 00:00:00+02:00,8582,96,405,hist_gradient_boosting,46.700438749976456
2026-04-25 00:00:00+02:00,8582,96,405,hist_gradient_boosting,46.85524245817214
2026-04-26 00:00:00+02:00,8582,96,405,hist_gradient_boosting,47.14773366693407
2026-04-27 00:00:00+02:00,8582,96,405,hist_gradient_boosting,46.93714304175228
2026-04-28 00:00:00+02:00,8582,96,405,hist_gradient_boosting,46.89741091709584
2026-04-29 00:00:00+02:00,8582,96,405,hist_gradient_boosting,47.16757416725159
2026-04-30 00:00:00+02:00,8582,96,405,hist_gradient_boosting,47.092340083792806
2026-05-01 00:00:00+02:00,8582,96,405,hist_gradient_boosting,47.12426962517202
2026-05-02 00:00:00+02:00,8582,96,405,hist_gradient_boosting,47.24060337524861
2026-05-03 00:00:00+02:00,8582,96,405,hist_gradient_boosting,47.215909665450454
2026-05-04 00:00:00+02:00,8582,96,405,hist_gradient_boosting,47.10401837527752
2026-05-05 00:00:00+02:00,8582,96,405,hist_gradient_boosting,47.470462624914944
2026-05-06 00:00:00+02:00,8582,96,405,hist_gradient_boosting,47.30495583452284
2026-05-07 00:00:00+02:00,8582,96,405,hist_gradient_boosting,47.234787999652326
2026-05-08 00:00:00+02:00,8582,96,405,hist_gradient_boosting,47.23084041569382
2026-05-09 00:00:00+02:00,8582,96,405,hist_gradient_boosting,47.192746583372355
2026-05-10 00:00:00+02:00,8582,96,405,hist_gradient_boosting,47.37490408308804
2026-05-11 00:00:00+02:00,8582,96,405,hist_gradient_boosting,47.29208887554705
2026-05-12 00:00:00+02:00,8582,96,405,hist_gradient_boosting,47.590745999477804
2026-05-13 00:00:00+02:00,8582,96,405,hist_gradient_boosting,48.02548099961132
2026-05-14 00:00:00+02:00,8582,96,405,hist_gradient_boosting,47.68945175036788
2026-05-15 00:00:00+02:00,8582,96,405,hist_gradient_boosting,47.453147541731596
2026-05-16 00:00:00+02:00,8582,96,405,hist_gradient_boosting,47.92992062494159
2026-05-17 00:00:00+02:00,8582,96,405,hist_gradient_boosting,47.54832108318806
2026-05-18 00:00:00+02:00,8582,96,405,hist_gradient_boosting,47.61914424970746
2026-05-19 00:00:00+02:00,8582,96,405,hist_gradient_boosting,47.48731741681695
2026-05-20 00:00:00+02:00,8582,96,405,hist_gradient_boosting,47.79027920868248
2026-05-21 00:00:00+02:00,8582,96,405,hist_gradient_boosting,47.59233495872468
2026-05-22 00:00:00+02:00,8582,96,405,hist_gradient_boosting,47.254107374697924
2026-05-23 00:00:00+02:00,8582,96,405,hist_gradient_boosting,47.45767654199153
2026-05-24 00:00:00+02:00,8582,96,405,hist_gradient_boosting,47.83175595942885
2026-05-25 00:00:00+02:00,8582,96,405,hist_gradient_boosting,56.18356758262962
2026-05-26 00:00:00+02:00,8582,96,405,hist_gradient_boosting,51.007349708117545
2026-05-27 00:00:00+02:00,8582,96,405,hist_gradient_boosting,49.42306287493557
2026-05-28 00:00:00+02:00,8582,96,405,hist_gradient_boosting,53.71452816668898
2026-05-29 00:00:00+02:00,8582,96,405,hist_gradient_boosting,50.91647712420672
2026-05-30 00:00:00+02:00,8582,96,405,hist_gradient_boosting,48.903395000845194
2026-05-31 00:00:00+02:00,8582,96,405,hist_gradient_boosting,48.67239391524345
2026-06-01 00:00:00+02:00,8582,96,405,hist_gradient_boosting,48.70779087487608
2026-06-02 00:00:00+02:00,8582,96,405,hist_gradient_boosting,47.87599508278072
2026-06-03 00:00:00+02:00,8582,96,405,hist_gradient_boosting,48.179450958035886
2026-06-04 00:00:00+02:00,8582,96,405,hist_gradient_boosting,48.440523833967745
2026-06-05 00:00:00+02:00,8582,96,405,hist_gradient_boosting,48.382907750084996
2026-06-06 00:00:00+02:00,8582,96,405,hist_gradient_boosting,47.625283958390355
2026-06-07 00:00:00+02:00,8582,96,405,hist_gradient_boosting,48.0875019589439
2026-06-08 00:00:00+02:00,8582,96,405,hist_gradient_boosting,47.94691420905292
2026-06-09 00:00:00+02:00,8582,96,405,hist_gradient_boosting,48.06943829264492
2026-06-10 00:00:00+02:00,8582,96,405,hist_gradient_boosting,48.014599666930735
2026-06-11 00:00:00+02:00,8582,96,405,hist_gradient_boosting,48.33965850062668
2026-06-12 00:00:00+02:00,8582,96,405,hist_gradient_boosting,51.856735040433705
2026-06-13 00:00:00+02:00,8582,96,405,hist_gradient_boosting,52.37250787485391
2026-06-14 00:00:00+02:00,8582,96,405,hist_gradient_boosting,49.97878758329898
2026-06-15 00:00:00+02:00,8582,96,405,hist_gradient_boosting,47.633635624311864
2026-06-16 00:00:00+02:00,8582,96,405,hist_gradient_boosting,47.396839999593794
2026-06-17 00:00:00+02:00,8582,96,405,hist_gradient_boosting,48.38937579188496
2026-06-18 00:00:00+02:00,8582,96,405,hist_gradient_boosting,47.942069333046675
2026-06-19 00:00:00+02:00,8582,96,405,hist_gradient_boosting,51.54025520849973
2026-06-20 00:00:00+02:00,8582,96,405,hist_gradient_boosting,48.09498545806855
2026-06-21 00:00:00+02:00,8582,96,405,hist_gradient_boosting,50.19142620731145
2026-06-22 00:00:00+02:00,8582,96,405,hist_gradient_boosting,47.740398874506354
2026-06-23 00:00:00+02:00,8582,96,405,hist_gradient_boosting,48.92441266588867
2026-06-24 00:00:00+02:00,8582,96,405,hist_gradient_boosting,50.83273108396679
2026-06-25 00:00:00+02:00,8582,96,405,hist_gradient_boosting,51.35308870859444
2026-06-26 00:00:00+02:00,8582,96,405,hist_gradient_boosting,47.92826750036329
2026-06-27 00:00:00+02:00,8582,96,405,hist_gradient_boosting,50.306156291626394
2026-06-28 00:00:00+02:00,8582,96,405,hist_gradient_boosting,49.8472596667707
2026-06-29 00:00:00+02:00,8582,96,405,hist_gradient_boosting,50.92467858269811
2026-06-30 00:00:00+02:00,8582,96,405,hist_gradient_boosting,53.30524466652423
2026-07-01 00:00:00+02:00,8582,96,405,hist_gradient_boosting,50.67613008338958
2026-07-02 00:00:00+02:00,8582,96,405,hist_gradient_boosting,48.230344832874835
2026-07-03 00:00:00+02:00,8582,96,405,hist_gradient_boosting,51.405850167386234
2026-07-04 00:00:00+02:00,8582,96,405,hist_gradient_boosting,52.756679750047624
2026-07-05 00:00:00+02:00,8582,96,405,hist_gradient_boosting,49.509338417090476
2026-07-06 00:00:00+02:00,8582,96,405,hist_gradient_boosting,48.21948374994099
2026-07-07 00:00:00+02:00,8582,96,405,hist_gradient_boosting,48.839906082488596
2026-07-08 00:00:00+02:00,8582,96,405,hist_gradient_boosting,50.23593195807189
2026-07-09 00:00:00+02:00,8582,96,405,hist_gradient_boosting,52.67035829089582
2026-07-10 00:00:00+02:00,8582,96,405,hist_gradient_boosting,47.791618208400905
2026-07-11 00:00:00+02:00,8582,96,405,hist_gradient_boosting,47.42847587540746
2026-07-12 00:00:00+02:00,8582,96,405,hist_gradient_boosting,48.30319408234209
2026-07-13 00:00:00+02:00,8582,96,405,hist_gradient_boosting,48.24786970857531
2026-07-14 00:00:00+02:00,8582,96,405,hist_gradient_boosting,47.33666866738349
2026-07-15 00:00:00+02:00,8582,96,405,hist_gradient_boosting,47.950443875044584
2026-07-16 00:00:00+02:00,8582,96,405,hist_gradient_boosting,47.90299841668457
2026-07-17 00:00:00+02:00,8582,96,405,hist_gradient_boosting,48.010061375796795
2026-07-18 00:00:00+02:00,8582,96,405,hist_gradient_boosting,48.110970666632056
2026-07-19 00:00:00+02:00,8582,96,405,hist_gradient_boosting,49.54484091605991
2026-07-20 00:00:00+02:00,8582,96,405,hist_gradient_boosting,49.515392541885376
2026-07-21 00:00:00+02:00,8582,96,405,hist_gradient_boosting,48.107576000504196
2026-07-22 00:00:00+02:00,8582,96,405,hist_gradient_boosting,47.788451249711215
2026-07-23 00:00:00+02:00,8582,96,405,hist_gradient_boosting,47.879133416339755
2026-07-24 00:00:00+02:00,8582,96,405,hist_gradient_boosting,48.11978237517178
2026-07-25 00:00:00+02:00,8582,96,405,hist_gradient_boosting,47.92282320745289
2026-07-26 00:00:00+02:00,8582,96,405,hist_gradient_boosting,47.11759504210204
2026-07-27 00:00:00+02:00,8582,96,405,hist_gradient_boosting,47.880700999870896
2026-07-28 00:00:00+02:00,8582,96,405,hist_gradient_boosting,49.83830033428967
2026-07-29 00:00:00+02:00,8582,96,405,hist_gradient_boosting,49.166360083036125
2026-07-30 00:00:00+02:00,8582,96,405,hist_gradient_boosting,46.497262000106275
2026-07-31 00:00:00+02:00,8582,96,405,hist_gradient_boosting,21.61803670786321
