period,mae,rmse,bias,n_obs,n_inf_nan
full,12.724025886445062,24.819151760658162,0.4740202630650008,23328,0
2025-12,10.13786235438852,15.190041052671216,-0.1361393224681799,2976,0
2026-01,10.565372124169102,18.598610012521522,-0.12900915334186416,2976,0
2026-02,7.259256123581064,11.601127974938981,1.5121412971586243,2688,0
2026-03,16.21466469977798,23.38681954905746,1.661294060875465,2976,0
2026-04,16.48935511799003,31.757623706784734,5.556840447039857,2880,0
2026-05,12.648269313765399,29.975076809529032,-2.147061978358981,2976,0
2026-06,16.181477324282586,37.179956642131195,-4.140221297635289,2880,0
2026-07,12.000094271695826,19.265072291456654,1.7298968165908717,2976,0
