target,model,period,mae,mse,rmse,r2,nrmse_mean_load_pct,bias,mean_actual_mw,n_obs
Load,Model,full,1912.8389332449456,7344319.316245751,2710.040463949893,0.9160487025458516,4.915718458982282,51.64518210856291,55130.099222789126,24096
Load,Model,2025-11,1785.98348785039,5409154.790117269,2325.75897077003,0.9358801224500161,3.8473026016256275,-1074.1434508101277,60451.67774916667,768
Load,Model,2025-12,2204.3373143385948,8575777.807027116,2928.442898030815,0.896072354213381,5.097994236247008,1158.473551004655,57443.04058269489,2976
Load,Model,2026-01,3069.7188866197994,18946929.93649259,4352.807132930724,0.7695075964466793,6.92574587620948,-1636.4552738921195,62849.65129724126,2976
Load,Model,2026-02,1519.9681659005696,3827207.413195893,1956.3249763768526,0.9518192142790556,3.1871070448713943,1068.0936756577184,61382.46845285343,2688
Load,Model,2026-03,1426.322218896964,3408109.149629166,1846.1064838272916,0.9440598871689179,3.3607055673476047,-229.70177038896048,54932.11014270162,2976
Load,Model,2026-04,1890.4115076519995,6978747.19712381,2641.7318556439086,0.8720745458525551,5.105734386921222,362.0099854605791,51740.48737064999,2880
Load,Model,2026-05,1699.4873766865387,4858613.885007268,2204.2263688213307,0.9099201167566372,4.529215676301251,315.90816670863313,48666.844909920364,2976
Load,Model,2026-06,1995.859583219131,8601400.162874114,2932.8143757957328,0.8279707895675532,5.681468636707023,-683.7656199261774,51620.70871688541,2880
Load,Model,2026-07,1493.2781702428904,3745558.9536929806,1935.3446601814833,0.9217075113179768,3.7641860977396355,433.7796630607641,51414.6912487574,2976
